{"accuracy": 0.14717261904761905, "precision": 0.47226422602467166, "recall": 0.14717261904761905, "f1_score": 0.224411458825754}